1,ADAPTADOR 2A3 MV,293.06,50,1,5,5
2,ADAPTADOR 2A3 STARBOX,431.00,100,1,2,2
3,ADAPTADOR 2A3,270.32,200,1,1,1
4,ADAPTADOR DE TOMA MULTIPLE RICHI,663.40,150,1,19,19
5,ADAPTADOR MOSQUITO PATA PLANA,280.00,20,1,19,19
6,ADAPTADOR MOSQUITO PATA REDONDA,280.00,20,1,19,19
7,ADAPTADOR 2A3 MIG,323.10,100,1,4,5
8,ADAPTADOR 2A3 TURISTA MIG,334.14,100,1,4,5
9,ADAPTADOR TRIPLE PATA PLANA MIG,428.70,50,1,4,5
10,ADAPTADOR TRIPLE PATA REDONDA MIG,428.70,50,1,4,5
11,ADAPTADOR PARA TABLETAS MOSQUITOS,300.00,0,1,14,14
12,FICHA AMERICANA PLANA,160.00,100,1,19,19
13,FICHA AMERICA MIG,316.50,100,1,4,5
14,FICHA AMERICANA STARBOX,431.00,100,1,2,2
15,FICHA CALEFON,337.30,100,1,5,5
16,FICHA MACHO 2 PATAS PLANAS,374.76,200,1,1,1
17,FICHA MACHO 2 PATAS REDONDAS,374.76,300,1,1,1
18,FICHA HEMBRA 2 PATAS PLANAS,374.76,300,1,1,1
19,FICHA MACHO KALOP,512.00,150,1,134,5
20,FICHA HEMBRA KALOP,512.00,150,1,134,5
21,FICHA MACHO ECO 3 PATAS,311.17,0,1,1,1
22,FICHA HEMRA ECO 3 PATAS,311.17,0,1,1,1
23,FICHA MACHO STARBOX,322.00,100,1,2,2
24,FICHA HEMBRA STARBOX,322.00,100,1,2,2
25,FICHA HEMBRA NEON STARBOX,500.80,70,1,2,2
26,FICHA MACHO NEON STARBOX,500.80,70,1,2,2
27,FICHA MACHO LATERAL STARBOX,498.00,70,1,2,2
28,FICHA MACHO 10A MIG,430.60,50,1,4,5
29,FICHA HEMBRA 10A MIG,463.70,50,1,4,5
30,FICHA MACHO ALTO CONSUMO 10A MIG,491.70,40,1,4,5
31,FICHA HEMBRA ALTO CONSUMO 10A MIG,456.32,40,1,4,5
32,FICHA MACHO 20A MIG,589.00,40,1,4,5
33,FICHA HEMBRA 20A MIG,595.05,40,1,4,5
34,FICHA MACHO LATERAL CIOCCA PLAST,325.11,100,1,6,6
35,FICHA MACHO 20 LATERAL CIOCCA PLAST,710.43,50,1,6,6
36,FICHA MACHO C/ PRENSACABLE CIOCCA PLAST,314.11,200,1,6,6
37,FICHA HEMBRA C/ PRENSACABLE CIOCCA PLAST,389.00,200,1,6,6
38,FICHA HEMBRA 20A LATERAL CIOCCA,405.34,0,1,19,19
39,FICHA MACHO RICHI,474.50,150,1,19,19
40,FICHA HEMBRA RICHI,441.70,150,1,19,19
41,FICHA MACHO TAAD,500.00,50,1,126,5
42,FICHA HEMBRA TAAD,412.35,50,1,126,5
43,FICHA MACHO LATERAL NEGRA JELUZ,353.00,50,1,23,5
44,FICHA HEMBRA LATERAL C/MANIJA NEGRA JELUZ,353.00,50,1,23,5
45,FICHA MACHO LATERAL BLANCA JELUZ,353.00,50,1,23,5
46,FICHA HEMBRA LATERAL C/MANIJA BLANCA JELUZ,353.00,50,1,23,5
47,FICHA MACHO JELUZ,353.00,50,1,23,5
48,FICHA HEMBRA JELUZ,353.00,50,1,23,5
49,FICHA MACHO LATERAL JELUZ,353.00,50,1,23,5
50,FICHA HEMBRA LATERAL JELUZ,353.00,50,1,23,5
51,FICHA MACHO REF LATERAL NARANJA,704.13,0,1,1,1
52,FICHA HEMBRA REF LATERAL NARANJA,743.32,0,1,1,1
53,FICHA VELADOR PLANA BLANCA,250.47,300,1,1,1
54,FICHA VELADOR PLANA NEGRA,250.47,300,1,1,1
55,FICHA VELADOR BLANCA MIG,254.00,100,1,4,5
56,FICHA VELADOR NEGRA MIG,254.00,100,1,4,5
57,PERILLA VELADOR ECO BLANCA,281.25,100,1,1,1
58,PERILLA VELADOR ECO NEGRA,281.25,100,1,1,1
59,PERILLA VELADOR BLANCA MIG,257.60,100,1,4,5
60,PERILLA VELADOR NEGRA MIG,257.60,0,1,4,5
61,PIRAMIDE 2 CARAS REFORZADA PLANA,774.87,50,2,1,1
62,PIRAMIDE 2 CARAS REFORZADA REDONDA,774.87,50,2,1,1
63,PIRAMIDE 3 CARAS PLANAS VR PLAST,477.10,100,2,7,7
64,PIRAMIDE 3 CARAS REDONDAS VR PLAST,477.10,100,2,7,7
65,PIRAMIDE 3 CARAS REFORAZAS PLANAS,931.02,50,2,1,1
66,PIRAMIDE 3 CARAS REFORZADAS REDONDAS,932.02,50,2,1,1
67,MULTIFUNCION PLANA VR PLAST,477.10,80,2,7,7
68,MULTIFUNCION REDONDA VR PLAST,477.10,80,2,1,1
69,MULTIFUNCION REFORZADA PLANA,771.90,50,2,1,1
70,MULTIFUNCION REFORZADA REDONDA,771.90,50,2,1,1
71,TOMA SIMPLE ARMADO JELUZ,420.90,20,3,23,5
72,PUNTO SIMPLE ARMADO JELUZ,402.13,20,3,23,5
73,TECLON SIMPLE ARMADO JELUZ,402.13,20,3,23,5
74,PUNTO Y TOMA ARMADO JELUZ,590.24,20,3,23,5
75,DOBLE TOMA ARMADO JELUZ,609.02,20,3,23,5
76,DOBLE PUNTO ARMADO JELUZ,571.47,20,3,23,5
77,DOBLE PUNTO TECLON ARMADO JELUZ,571.47,20,3,23,5
78,TOMA SIMPLE EXT JELUZ,332.86,20,15,23,5
79,PUNTO SIMPLE EXT JELUZ,328.72,20,15,23,5
80,TOMA 20A EXT JELUZ,648.60,10,15,23,5
81,DOBLE TOMA EXT JELUZ,594.33,10,15,23,5
82,DOBLE PUNTO EXT JELUZ,620.90,10,15,23,5
83,PUNTO Y TOMA EXT JELUZ,607.60,10,15,23,5
84,PULSADOR EXT JELUZ,342.00,20,15,23,5
85,BASE MODULO EXT SIMPLE JELUZ,91.95,110,15,23,5
86,BASE MODULO EXT DOBLE JELUZ,154.00,60,15,23,5
87,TAPA MODULO EXT SIMPLE JELUZ,116.70,60,15,23,5
88,REPUESTO TOMA JELUZ,259.96,50,23,23,5
89,REPUESTO PUNTO JELUZ,236.92,50,23,23,5
90,REPUESTO PUNTO SIN LUMINOSO JELUZ,236.92,50,23,23,5
91,REPUESTO PUNTO COMBINADO JELUZ,289.98,50,23,23,5
92,REPUESTO TOMA 20A JELUZ,484.33,50,23,23,5
93,REPUESTO TAPA BASTIDOR 2000/2 JELUZ,196.69,50,23,23,5
94,REPUESTO TAPA 5X10 JELUZ,131.16,50,23,23,5
95,REPUESTO TAPA MIGNON JELUZ,140.72,50,23,23,5
96,REPUESTO TAPA REGINA JELUZ,131.16,50,23,23,5
97,REPUESTO TAPON CIEGO JELUZ,29.44,100,23,23,5
98,REPUESTO SOPORTE BASTIDOR JELUZ,131.17,50,23,23,5
99,REPUESTO SOPORTE BASTIDOR MIGNON JELUZ,127.09,40,23,23,5
100,BASTIDOR RIEL DIN MODULO SIMPLE JELUZ,155.59,100,23,23,5
101,REPUESTO BASTIDOR ESTANCO BLANCO JELUZ,916.17,0,23,23,5
102,REPUESTO BASTIDOR ESTANCO TRANS. JELUZ,916.17,0,23,23,5
103,PUNTO SIMPLE ARMADO SICA LIFE,454.54,15,3,8,8
104,TOMA SIMPLE ARMADO SICA LIFE,477.25,15,3,8,8
105,DOBLE PUNTO ARMADO SICA LIFE,658.97,15,3,8,8
106,DOBLE TOMA ARMADO SICA LIFE,691.85,15,3,8,8
107,PUNTO Y TOMA ARMADO SICA LIFE,658.97,15,3,8,8
108,TOMA 20A ARMADO SICA LIFE,1065.02,5,3,8,8
109,TOMA SIMPLE ARMADO SICA BRAVA,870.00,0,3,8,8
110,DOBLE TOMA ARMADO SICA BRAVA,1907.00,0,3,8,8
111,PUNTO Y TOMA ARMADO SICA BRAVA,1313.00,0,3,8,8
112,PUNTO COMBINADO ARMADO SICA BRAVA,695.00,5,3,8,8
113,DOBLE PUNTO ARMADO SICA BRAVA,1111.40,5,3,8,8
114,TRES PUNTOS ARMADO SICA BRAVA,1520.61,5,3,8,8
115,CUATRO PUNTOS ARMADO BRAVA,1937.20,5,3,8,8
116,TOMA 20A ARMADO SICA BRAVA,1624.80,5,3,8,8
117,USB + TOMA 10A ARMADO SICA BRAVA,13315.00,5,3,8,8
118,TAPA CIEGA CON BASTIDOR SICA BRAVA,445.80,5,3,8,8
119,REPUESTO BASTIDOR SICA LIFE,152.75,40,23,8,8
120,REPUESTO CIEGO SICA LIFE,35.20,60,23,8,8
121,REPUESTO PUNTO SICA LIFE,187.13,60,23,8,8
122,REPUESTO TAPA SICA LIFE,142.57,30,23,8,8
123,REPUESTO TOMA SICA LIFE,196.39,60,23,8,8
124,REPUESTO PUNTO COMBINADO SICA LIFE,228.26,60,23,8,8
125,REPUESTO TOMA 20A SICA LIFE,662.18,30,23,8,8
126,REPUESTO TAPA MIGNON SICA LIFE,143.89,20,23,8,8
127,REPUESTO SOPORTE MIGNON SICA LIFE,152.75,40,23,8,8
128,PUNTO SIMPLE ARMADO RICHI,775.30,25,3,3,3
129,TOMA SIMPLE ARMADO RICHI,715.02,25,3,3,3
130,TOMA SIMPLE EXT CIOCCA PLAST,261.80,120,15,6,6
131,PUNTO SIMPLE EXT CIOCCA PLAST,226.35,120,15,6,6
132,DOBLE TOMA EXT CIOCCA PLAST,564.40,60,15,6,6
133,DOBLE PUNTO EXT CIOCCA PLAST,353.40,60,15,6,6
134,PUNTO Y TOMA EXT CIOCCA PLAST,457.30,60,15,6,6
135,PULSADOR EXT CIOCCA PLAST,228.70,60,15,6,6
136,TOMA 20A EXT CIOCCA PLAST,570.50,50,15,6,6
137,PUNTO COMBINADO EXT CIOCCA PLAST,247.40,60,15,6,6
138,TRES TOMAS EXT CIOCCA PLAST,1287.00,25,15,6,6
139,CAJA CAPSULADA PUNTO Y TOMA CIOCCA PLAST,1309.00,20,4,6,6
140,CAJA CAPSULADA TOMA SIMPLE CIOCCA PLAST,1066.80,20,4,6,6
141,CAJA CAPSULADA PUNTO SIMPLE CIOCCA PLAST,1066.80,20,4,6,6
142,CAJA CAPSULADA DOBLE TOMA CIOCCA PLAST,1309.00,20,4,6,6
143,CAJA CAPSULADA DOBLE PUNTO CIOCCA PLAST,1309.00,20,4,6,6
144,REPUESTO MODULO CAJA CAPSULADA CIOCCA PLAST,824.90,20,23,6,6
145,REPUESTO MODULO DOBLE CAJA CAPSULADA CIOCCA PLAST,824.90,20,23,6,6
146,REPUESTO BASE PARA 1 MODULO CIOCCA PLAST,92.11,120,23,6,6
147,REPUESTO BASE PARA 2 MODULO CIOCCA PLAST,206.22,60,23,6,6
148,REPUESTO BASE PARA 3 MODULO CIOCCA PLAST,316.20,40,23,6,6
149,REPUESTO BASE PARA 4 MODULO CIOCCA PLAST,419.30,25,23,6,6
150,REPUESTO BASE PARA 5 MODULO CIOCCA PLAST,532.05,25,23,6,6
151,REPUESTO TAPA MODULO CIOCCA PLAST,151.23,0,23,6,6
152,REPUESTO TOMA CIOCCA PLAST,198.00,100,23,6,6
153,REPUESTO PUNTO CIOCCA PLAST,198.00,100,23,6,6
154,REPUESTO PULSADOR CIOCCA PLAST,206.80,100,23,6,6
155,REPUESTO PUNTO COMBINADO CIOCCA PLAST,212.50,100,23,6,6
156,REPUESTO TOMA 20A CIOCCA PLAST,327.00,100,23,6,6
157,REPUESTO TAPON CIEGO CIOCCA PLAST,30.80,200,23,6,6
158,REPUESTO TAPA BASTIDOR CIOCCA PLAST,200.70,100,23,6,6
159,DOBLE TOMA ARMADO CIOCCA PLAST,667.05,50,3,6,6
160,PUNTO Y TOMA ARMADO CIOCCA PLAST,647.30,50,3,6,6
161,TOMA SIMPLE ARMADO CIOCCA PLAST,480.00,50,3,6,6
162,PUNTO SIMPLE ARMADO CIOCCA PLAST,460.30,50,3,6,6
163,DOBLE PUNTO ARMADO CIOCCA PLAST,627.50,50,3,6,6
164,PULSADOR EXT TAAD,442.30,30,15,126,126
165,PUNTO SIMPLE EXT TAAD,418.10,30,15,126,126
166,TOMA SIMPLE EXT TAAD,475.90,30,15,126,126
167,DOBLE PUNTO EXT TAAD,740.00,20,15,126,126
168,DOBLE TOMA EXT TAAD,805.43,20,15,126,126
169,PUNTO Y TOMA EXT TAAD,787.30,20,15,126,126
170,TOMA 20A EXT TAAD,814.50,30,15,126,126
171,CAJA CAPSULADA TOMA SIMPLE TAAD,915.00,20,4,126,126
172,CAJA CAPSULADA PUNTO SIMPLE TAAD,853.26,20,4,126,126
173,CAJA CAPSULADA PULSADOR TAAD,873.20,20,4,126,126
174,CAJA CAPSULADA TOMA 20A TAAD,1191.20,20,4,126,126
175,CAJA CAPSULADA DOBLE TOMA TAAD,1800.00,14,4,126,126
176,CAJA CAPSULADA PUNTO Y TOMA TAAD,1571.50,14,4,126,126
177,CAJA CAPSULADA DOBLE PUNTO TAAD,1587.60,14,4,126,126
178,CAJA CAPSULADA TOMA SIMPLE MIG,909.00,10,4,4,5
179,CAJA CAPSULADA PUNTO SIMPLE MIG,829.84,10,4,4,5
180,CAJA CAPSULADA PUNTO Y TOMA MIG,1562.20,10,4,4,5
181,CAJA CAPSULADA TOMA 20A MIG,1139.00,10,4,4,5
182,CINTA AISLADORA 5MTS TACSA,220.80,200,13,125,5
183,CINTA AISLADORA 10MTS TACSA,339.10,150,13,125,5
184,CINTA AISLADORA 20MTS TACSA,583.50,100,13,125,5
185,CINTA AISLADORA PRO 10MTS TACSA,0.00,120,13,125,5
186,TEFLON 1/2 10MTS TACSA,378.50,300,20,125,5
187,TEFLON 1/2 20MTS TACSA,567.72,300,20,125,5
188,TEFLON 3/4 10MTS TACSA,591.40,288,20,125,5
189,TEFLON 3/4 20MTS TACSA,946.20,288,20,125,5
190,CARTUCHO DE SILICONA BLANCA TACSA,3051.50,24,17,125,5
191,CARTUCHO DE SILICONA NEGRA TACSA,3051.50,24,17,125,5
192,CARTUCHO DE SILICONA TRANSPARENTE TACSA,3051.50,24,17,125,5
193,POMO DE SILICONA TACSA,2018.56,12,17,125,5
194,LUBRICANTE 250ML TACSA,2547.00,12,6,125,5
195,LUBRICANTE 450ML TACSA,3043.60,12,6,125,5
196,CINTA DE PAPEL 12X50MTS TACSA,875.24,72,13,125,5
197,CINTA DE PAPEL 18X50MTS TACSA,1285.30,48,13,125,5
198,CINTA DE PAPEL 24X50MTS TACSA,1703.20,36,13,125,5
199,CINTA DE PAPEL 36X50MTS TACSA,2688.79,24,13,125,5
200,CINTA DE PAPEL 48X50MTS TACSA,3564.02,18,13,125,5
201,GOTA PLUS 2GR TACSA,559.80,24,17,125,5
202,GEL PLUS 3GR TACSA,764.80,24,17,125,5
203,PRECINTO 10CM TACSA,599.26,250,20,125,5
204,PRECINTO 15CM TACSA,1482.40,50,20,125,5
205,PRECINTO 20CM TACSA,2389.20,50,20,125,5
206,PRECINTO 25CM TACSA,3012.07,100,20,125,5
207,PRECINTO 30CM TACSA,4108.10,100,20,125,5
208,PRECINTO 35CM TACSA,5566.80,0,20,125,5
209,PRECINTO 40CM TACSA,6931.00,40,20,125,5
210,"PRECINTO 40CMx7,6 TACSA",11212.50,0,20,125,5
211,PISTOLA DE SILICONA 10W TACSA,4486.60,48,17,125,5
212,PISTOLA DE SILICONA 16W TACSA,7317.30,24,17,125,5
213,"BARRAS SILICONA 7,5MM X 500G TACSA",7191.12,20,17,125,5
214,BARRAS SILICONA 11MM X 500G TACSA,7191.12,20,17,125,5
215,CINTA DE EMBALAR MARRON 40M TF3,946.00,36,13,9,9
216,CINTA DE EMBALAR TRANSPARENTE 40M TF3,946.00,36,13,9,9
217,TEFLON 1/2 X10 TF3,162.80,250,20,9,9
218,TEFLON 3/4 X10 TF3,221.60,250,20,9,9
219,"BARRAS SILICONA 7,5MM X 1K TF3",10218.33,25,17,9,9
220,BARRAS SILICONA 11MM X 1K TF3,10218.33,25,17,9,9
221,ADHESIVO DE CONTACTO 50CC TF3,737.50,24,17,9,9
222,SELLADOR DE ROSCAS 25CC TF3,574.80,80,17,9,9
223,SELLADOR DE SILICONA 25CC TF3,684.70,40,17,9,9
224,ADHESIVO PARA PVC X60CM3 TF3,700.16,12,17,9,9
225,ADHESIVO PARA PVC X110CM3 TF3,1190.00,12,17,9,9
226,ADHESIVO PARA PVC X250CM3 TF3,2555.20,6,17,9,9
227,COLA VINILICA 125GR TF3,525.20,12,17,9,9
228,COLA VINILICA 250GR TF3,817.70,12,17,9,9
229,LUBRICANTE MULTIUSO 100CM3 TF3,313.20,24,6,9,9
230,GRASA LITIO EN AEROSOL TF3,1108.30,12,6,9,9
231,GRASA LITIO 100GR TF3,431.42,12,6,9,9
232,GRASA LITIO 250GR TF3,732.20,12,6,9,9
233,GRASA GRAFITADA 100GR TF3,489.08,12,6,9,9
234,GRASA GRAFITADA 250GR TF3,887.13,12,6,9,9
235,GRASA AMARILLA 100GR TF3,431.42,12,6,9,9
236,GRASA AMARILLA 250GR TF3,730.73,12,6,9,9
237,LUBRICANTE TEFLONADO 225CM TF3,1258.00,12,6,9,9
238,KIT DE REPARACION (PARCHES) TF3,805.70,50,20,9,9
239,DESTAPA CAÑERIAS 500CM TF3,639.70,12,20,9,9
240,DESTAPA CAÑERIAS 1L TF3,930.26,6,20,9,9
241,QUITA SARRO Y OXIDO 500CM TF3,642.70,12,20,9,9
242,QUITA SARRO Y OXIDO 1L TF3,909.34,6,20,9,9
243,CREMA LIMPIA MANOS 500GR TF3,1270.90,12,20,9,9
244,CREMA LIMPIAMANOS 1KG TF3,2314.00,12,20,9,9
245,CINTA DE PAPEL 12MM X40M TF3,619.71,72,13,9,9
246,CINTA DE PAPEL 18MM X40M TF3,928.08,48,13,9,9
247,CINTA DE PAPEL 24MMX40M TF3,1237.40,36,13,9,9
248,CINTA DE PAPEL 36MMX40M TF3,1856.20,24,13,9,9
249,CINTA DE PAPEL 48MMX40M TF3,2474.90,18,13,9,9
250,CINTA DE PAPEL AZUL 18MMX40M TF3,1218.00,48,13,9,9
251,CINTA DE PAPEL AZUL 24MMX40M TF3,1624.00,36,13,9,9
252,CINTA DE PAPEL AZUL 36MMX40M TF3,2436.00,24,13,9,9
253,CINTA DE PAPEL AZUL 48MMX40M TF3,3248.00,18,13,9,9
254,ESPUMA DE POLIURETANO 300ML TF3,3253.00,12,20,9,9
255,ESPUMA DE POLIURETANO 500ML TF3,4612.00,12,20,9,9
256,PINCEL N°10 TF3,360.00,12,24,9,9
257,PINCEL N°15 TF3,440.60,12,24,9,9
258,PINCEL N°20 TF3,569.00,12,24,9,9
259,PINCEL N°25 TF3,786.10,12,24,9,9
260,PINCEL N°30 TF3,987.80,12,24,9,9
261,CINTA DE PAPEL 12MM FIJAPEL,490.12,72,13,136,16
262,CINTA DE PAPEL 18MM FIJAPEL,735.20,48,13,136,16
263,CINTA DE PÁPEL 24MM FIJAPEL,980.23,36,13,136,16
264,CINTA DE PAPEL 36MM FIJAPEL,1470.35,24,13,136,16
265,CINTA DE PÁPEL 48MM FIJAPEL,1960.47,18,13,136,16
266,CINTA CONFITERA CANDELA,215.76,72,13,13,13
267,CINTA DE EMBALAR TRANSPARENTE 100MTS CANDELA,786.60,36,13,13,13
268,CINTA DE EMBALAR TRANSPARENTE 42MTS CANDELA,415.44,36,13,13,13
269,CINTA DE EMBALAR MARRON 42MTS CANDELA,435.54,36,13,13,13
270,CINTA AISLADORA 10MTS CANDELA,225.50,200,13,13,13
271,CINTA AISLADORA 20MTS CANDELA,428.08,200,13,13,13
272,POXIPOL GRIS 14ML BLISTER X6,15240.00,60,17,12,12
273,POXIPOL TRANSPARENTE 14ML BLISTER X6,15240.00,60,17,12,12
274,POXIRAN 23GR BLISTER X6,10575.50,120,17,12,12
275,POXILINA 70GR BLISTER X6,15200.00,60,17,12,12
276,FASTIX BLANCO 25GR BLISTER X6,13270.00,120,17,12,12
277,FASTIX TRANSPARENTE 25GR BLISTER X6,13270.00,120,17,12,12
278,FASTIX EXTERIOR 25GR BLISTER X6,13270.00,120,17,12,12
279,FASTIX NEGRO 25GR BLISTER X6,13270.00,120,17,12,12
280,LA GOTITA 2ML BLISTER X6,5525.80,240,17,12,12
281,LA GOTITA 2ML GEL BLISTER X6,6935.70,240,17,12,12
282,UNIPOX 25G BLISTER X6,5292.00,60,17,12,12
283,PULPITO 50GR BLISTER X6,14427.00,120,17,12,12
284,ECCOLE 9GR BLISTER X6,13835.00,120,17,12,12
285,WD40 155GR,3412.88,12,6,12,12
286,PEGAMENTO INSTANTANEO SOL DE NOCHE,2500.00,50,17,145,31
287,ZAPATILLA 4 TOMAS SIN CABLE C/BORNERA TOP,2270.00,50,25,124,5
288,ZAPATILLA 4 TOMAS SIN CABLE C/TECLA TOP,2581.30,50,25,124,5
289,ZAPATILLA 4 TOMAS CON CABLE TOP,3991.40,50,25,124,5
290,ZAPATILLA 5 TOMAS SIN CABLE C/BORNERA TOP,2632.50,50,25,124,5
291,ZAPATILLA 5 TOMAS SIN CABLE C/TECLA TOP,2936.00,50,25,124,5
292,ZAPATILLA 6 TOMAS SIN CABLE C/BORNERA TOP,3034.30,40,25,124,5
293,ZAPATILLA 6 TOMAS SIN CABLE C/TECLA TOP,3337.14,40,25,124,5
294,ZAPATILLA 6 TOMAS CON CABLE TOP,4850.00,40,25,124,5
295,"ZAPATILLA 1,5 MTS GENESIS",1674.75,36,25,14,14
296,ZAPATILLA 3 MTS GENESIS,2128.37,30,25,14,14
297,ZAPATILLA 5 MTS GENESIS,2958.02,25,25,14,14
298,ZAPATILLA SIN CABLE S/TECLA GENESIS,1013.23,60,25,14,14
299,ZAPATILLA SIN CABLE C/TECLA GENESIS,1076.15,60,25,14,14
300,"ZAPATILLA 2T 1,5MTS GENESIS",1148.00,50,25,14,14
301,ZAPATILLA 2T 3M GENEIS,1848.00,40,25,14,14
302,PROLONGADOR 3MTS GENESIS,1702.00,36,25,14,14
303,PROLONGADOR 5MTSGENESIS,2512.32,30,25,14,14
304,"ZAPATILLA 1,5MTS TREFI",4540.00,20,25,21,21
305,"ZAPATILLA 2,5MTS TREFI",5478.00,20,25,21,21
306,ZAPATILLA 5MTS TREFI,6284.90,20,25,21,21
307,"ZAPATILLA 1,5MTS CON USB TREFI",9784.20,12,25,21,21
308,PROLONGADOR 10MTS BLANCO TREFI,4959.00,20,25,21,21
309,"ZAPATILLA 1,5MTS CON TERMICA SICA",3098.00,50,25,8,8
310,"ZAPATILLA 1,3MTS MULTINORMA SICA",3098.00,10,25,8,8
311,"ZAPATILLA 1,5MTS 8 TOMAS SICA",6822.50,50,25,8,8
312,"ZAPATILLA 1,5MTS SICILIA",713.00,70,25,127,5
313,ZAPATILLA 3MTS SICILIA,771.00,60,25,127,5
314,ZAPATILLA 5MTS SICILIA,1012.00,50,25,127,5
315,"ZAPATILLA 1,5MTS VR PLAST",2486.64,20,25,7,7
316,ZAPATILLA 3MTS VR PLAST,3336.39,20,25,7,7
317,ZAPATILLA 5MTS VR PLAST,4397.74,20,25,7,7
318,"ZAPATILLA 1,5MTS 2 TOMAS VR PLAST",1404.98,40,25,7,7
319,ZAPATILLA 3MTS 2 TOMAS VR PLAST,2305.51,30,25,7,7
320,ZAPATILLA SIN CABLE CON BORNERA VR PLAST,1372.64,20,25,7,7
321,ZAPATILLA SIN CABLE CON TECLA VR PLAST,1654.23,20,25,7,7
322,"ZAPATILLA 1,5MTS 3 TOMAS RICHI",3287.00,25,25,3,3
323,"ZAPATILLA 2,5MTS 3 TOMAS RICHI",4267.30,25,25,3,3
324,"ZAPATILLA 1,5MTS 4 TOMAS RICHI",3604.50,20,25,3,3
325,"ZAPATILLA 2,5MTS 4 TOMAS RICHI",4671.10,20,25,3,3
326,ZAPATILLA 5MTS 4 TOMAS RICHI,5777.00,20,25,3,3
327,"ZAPATILLA 1,5MTS MCH",1666.00,50,25,146,19
328,ZAPATILLA 3MTS MCH,1999.00,50,25,146,19
329,ZAPATILLA 5MTS MCH,2534.00,40,25,146,19
330,PROLONGADOR 3MTS MCH,1293.00,0,25,146,19
331,PROLONGADOR 5MTS MCH,1755.00,0,25,146,19
332,"ZAPATILLA 1,5MTS JELUZ",2310.80,20,25,23,5
333,PORTALAMPARA RECEPTACULO CURVO NEGRO,296.74,96,12,5,5
334,PORTALAMPARA RECEPTACULO CURVO BLANCO,358.14,96,12,5,5
335,PORTALAMPARA RECEPTACULO RECTO NEGRO,294.70,96,12,5,5
336,PORTALAMPARA RECEPTACULO RECTO BLANCO,352.30,96,12,5,5
337,PORTALAMPARA CON ENCHUFE,524.70,100,12,5,5
338,PORTALAMPARA CON ENCHUFE Y TECLA,414.00,20,12,19,19
339,PORTALAMPARA CERAMICO C/L,400.00,400,12,5,5
340,PORTALAMPARA CERAMICO CON PUENTE,400.00,400,12,5,5
341,PORTALAMPARA MIGNON NEGRO,462.32,200,12,1,1
342,PORTALAMPARA MIGNON BLANCO,544.53,200,12,1,1
343,PORTALAMPARA FLORON NEGRO STARBOX,425.10,70,12,2,2
344,PORTALAMPARA FLORON BLANCO STARBOX,448.12,70,12,2,2
345,PORTALAMPARAS FLORON BLANCO ECO,671.40,70,12,5,5
346,PORTALAMPARAS FLORON NEGRO ECO,250.00,70,12,5,5
347,PORTALAMPARA C/CHICOTE ECO,167.70,100,12,5,5
348,PORTALAMPARA C/CHICOTE BLANCO STARBOX,411.62,100,12,2,2
349,PORTALAMPARA C/CHICOTE NEGRO STARBOX,411.62,100,12,2,2
350,PORTALAMPARA C/CHICOTE GENESIS,158.61,100,12,14,14
351,PORTALAMPARAS 2 PIEZAS BLANCO STARBOX,320.00,100,12,2,2
352,PORTALAMPARAS 2 PIEZAS NEGRO STARBOX,320.00,100,12,2,2
353,PORTALAMPARAS 2 PIEZAS NEGRO GENESIS,178.17,150,12,14,14
354,PORTALAMPARAS 2 PIEZAS BLANCO GENESIS,178.17,150,12,14,14
355,PORTALAMPARAS 3 PIEZAS BLANCO,362.88,100,12,5,5
356,PORTALAMPARAS 3 PIEZAS NEGRO,210.00,100,12,5,5
357,ZOCALO GU10 GENESIS,147.70,100,12,14,14
358,FLORON PLASTICO C/PRENSACABLE BLANCO STARBOX,143.40,100,12,2,2
359,FLORON PLASTICO C/PRENSACABLE NEGRO STARBOX,143.40,100,12,2,2
360,PORTALAMPARA GUIRNALDA ECO,179.50,100,12,5,5
361,GUIRNALDA 5MTS GENESIS,2569.44,18,12,14,14
362,GUIRNALDA 10MTS GENESIS,4714.24,10,12,14,14
363,TORTUGA C/PORTALAMPARA BLANCA TREFI,3329.70,12,9,21,21
364,TORTUGA C/PORTALAMPARA NEGRA TREFI,3329.70,12,9,21,21
365,TORTUGA C/PANEL LED BLANCA TREFI,6935.50,8,9,21,21
366,TORTUGA C/PANEL LED NEGRA TREFI,6935.50,8,9,21,21
367,LED 7W CANDELA,537.70,50,14,13,13
368,LED 9W CANDELA,556.90,50,14,13,13
369,LED 12W CANDELA,691.40,50,14,13,13
370,LED 15W CANDELA,818.70,50,14,13,13
371,LED ALTA POTENCIA 20W CANDELA,1551.81,20,14,13,13
372,LED ALTA POTENCIA 30W CANDELA,2384.52,20,14,13,13
373,LED ALTA POTENICA 40W CANDELA,3582.00,20,14,13,13
374,LED ALTA POTENCIA 48W CANDELA,5800.60,20,14,13,13
375,LED ALTA POTENCIA CUERPO ALUMINIO 20W CANDELA,2543.05,20,14,13,13
376,LED ALTA POTENCIA CUERPO ALUMINIO 30W CANDELA,3615.60,20,14,13,13
377,LED ALTA POTENCIA CUERPO ALUMINIO 40W CANDELA,5055.00,20,14,13,13
378,LED ALTA POTENCIA CUERPO ALUMINIO 50W CANDELA,7091.80,20,14,13,13
379,DICROICA 5W FRIA CANDELA,752.50,50,14,13,13
380,DICROICA 5W CALIDA CANDELA,752.50,50,14,13,13
381,DICROICA 7W FRIA CANDELA,815.22,50,14,13,13
382,DICROICA 7W CALIDA CANDELA,815.22,50,14,13,13
383,DICROICA DIMER 7W FRIA CANDELA,1158.16,50,14,13,13
384,DICROICA DIMER 7W CALIDA CANDELA,1158.16,50,14,13,13
385,DICROICA 12W CALIDA CANDELA,3205.20,20,14,13,13
386,DICROICA 12W FRIA CANDELA,3205.20,20,14,13,13
387,DICROICA DIMER 12W CALIDA CANDELA,4045.90,20,14,13,13
388,DICROICA DIMER 12W FRIA CANDELA,4045.90,20,14,13,13
389,LED GLOBO 12W CANDELA,2238.00,25,14,13,13
390,LED GOTA 5W FRIA CANDELA,606.17,50,14,13,13
391,LED GOTA 5W CALIDA CANDELA,606.17,50,14,13,13
392,LED VELA 5W FRIA E14 CANDELA,606.17,50,14,13,13
393,LED VELA 5W CALIDA E14 CANDELA,606.17,50,14,13,13
394,TUBO LED 9W CANDELA,1024.65,25,21,13,13
395,TUBO LED 18W CANDELA,1461.04,25,21,13,13
396,LUZ DE EMERGENCIA 30LED CANDELA,4655.43,40,14,13,13
397,LUZ DE EMERGENCIA 60LED CANDELA,7274.70,40,14,13,13
398,LED GOTA 7W FRIA INTERELEC,720.60,100,14,15,15
399,LED GOTA 7W CALIDA INTERELEC,720.60,100,14,15,15
400,LED 5W INTERELEC,653.50,100,14,15,15
401,LED 7W INTERELEC,697.00,100,14,15,15
402,LED 9W INTERELEC,648.70,100,14,15,15
403,LED 12W INTERELEC,754.80,100,14,15,15
404,LED 15W INTERELEC,847.00,100,14,15,15
405,LED ALTA POTENCIA 20W INTERELEC,1650.00,40,14,15,15
406,LED ALTA POTENCIA 30W INTERELEC,2606.00,30,14,15,15
407,LED ALTA POTENCIA 40W INTERELEC,3670.00,20,14,15,15
408,LED ALTA POTENCIA 50W INTERELEC,6222.00,8,14,15,15
409,DICROICA E27 5W INTERELEC,1517.00,50,14,15,15
410,LAMPARA AUTONOMA 9W INTERELEC,5498.00,50,14,15,15
411,LAMPARA AUTONOMA 12W INTERELEC,6039.00,50,14,15,15
412,LAMPARA CON SENSOR DE MOVIMIENTO INTERELEC,6933.00,10,14,15,15
413,LAMPARA CON FOTOCELULA INTERELEC,3813.60,10,14,15,15
414,LED ALTA POTENCIA 65W LIGHTRONIC,6991.66,0,14,27,16
415,LUZ DE EMERGENCIA 60LED LIGHTRONIC,14470.00,0,14,27,16
416,LUZ DE EMERGENCIA 90LED LIGHTRONIC,20141.00,0,14,27,16
417,LED ALTA POTENCIA 30W TREFILIGHT,0.00,50,14,17,17
418,DICROICA 5W FRIA TREFILIGHT,0.00,100,14,17,17
419,DICROICA 5W CALIDA TREFILIGHT,0.00,100,14,17,17
420,DICROICA 7W FRIA TREFILIGHT,0.00,100,14,17,17
421,DICROICA 7W CALIDA TREFILIGHT,0.00,100,14,17,17
422,LED 9W FRIA SICA,608.40,50,14,8,8
423,LED 13W FRIA SICA,768.95,100,14,8,8
424,LED 15W FRIA SICA,853.45,100,14,8,8
425,LED 5W CALIDA SICA,557.70,50,14,8,8
426,LED 7W CALIDA SICA,599.95,50,14,8,8
427,LED 9W CALIDA SICA,608.40,50,14,8,8
428,LED 13W CALIDA SICA,768.95,100,14,8,8
429,LED 15W CALIDA SICA,853.45,100,14,8,8
430,LED ALTA POTENCIA 20W SICA,2180.10,10,14,8,8
431,LED ALTA POTENCIA 30W SICA,2965.95,10,14,8,8
432,LED ALTA POTENCIA 40W SICA,4546.10,10,14,8,8
433,LED ALTA POTENCIA 50W E40 SICA,11128.65,10,14,8,8
434,LED ALTA POTENCIA 70W E40 SICA,20787.00,16,14,8,8
435,LED ALTA POTENCIA 100W SICA,29710.20,4,14,8,8
436,TUBO LED 9W GROW 1200K SICA,5551.65,25,21,8,8
437,TUBO LED 9W SICA,1487.20,25,21,8,8
438,TUBO LED 18W FRIO SICA,1622.40,25,21,8,8
439,TUBO LED 18W NEUTRO SICA,1622.40,25,21,8,8
440,LUZ DE EMERGENCIA 60LED 5HS SICA,11323.00,20,14,8,8
441,LUZ DE EMERGENCIA 60LED 8HS SICA,16300.05,15,14,8,8
442,LED VELA 4W E14 CALIDA SICA,608.40,100,14,8,8
443,LED GOTA 4W E14 FRIA SICA,608.40,100,14,8,8
444,LED GOTA 4W E14 CALIDA SICA,608.40,100,14,8,8
445,LED GOTA 4W E27 FRIA SICA,608.40,100,14,8,8
446,LED GOTA 4W E27 CALIDA SICA,608.40,100,14,8,8
447,"DICROICA 13,5W FRIA SICA",3633.50,20,14,8,8
448,"DICROICA 13,5W CALIDA SICA",3633.50,20,14,8,8
449,LED 7W JELUZ,0.00,100,14,23,5
450,LED 9W JELUZ,561.00,100,14,23,5
451,LED 12W JELUZ,654.50,100,14,23,5
452,LED 15W JELUZ,870.00,100,14,23,5
453,LED ALTA POTENCIA 20W BORUS,1610.30,50,14,17,17
454,LED ALTA POTENCIA 30W BORUS,2652.30,30,14,17,17
455,LED ALTA POTENCIA 40W BORUS,3741.63,20,14,17,17
456,LED ALTA POTENCIA 50W BORUS,5636.13,20,14,17,17
457,LAMPARA FILAMENTO G125 5W BORUS,3031.20,0,14,17,17
458,LAMPARA FILAMENTO ST64 5W BORUS,2936.50,0,14,17,17
459,LAMPARA FILAMENTO G95 5W BORUS,0.00,0,14,17,17
460,LAMPARA PERFUME 5W FRANCE,593.35,50,14,18,18
461,LAMPARA PERFUME 15W FRANCE,593.35,50,14,18,18
462,LAMPARA PERFUME 24W FRANCE,593.35,50,14,18,18
463,LAMAPARA GOTA ROJO FRANCE,637.80,100,14,18,18
464,LAMAPARA GOTA VERDE FRANCE,637.80,100,14,18,18
465,LAMAPARA GOTA AMARILLO FRANCE,637.80,100,14,18,18
466,LAMAPARA GOTA AZUL FRANCE,637.80,100,14,18,18
467,LAMPARA PERFUME LED FRANCE,2050.00,50,14,18,18
468,LAMPARA PERFUME ROJO FRANCE,623.20,50,14,18,18
469,LAMPARA PERFUME VERDE FRANCE,623.20,50,14,18,18
470,LAMPARA PERFUME AMARILLO FRANCE,623.20,50,14,18,18
471,LAMPARA PERFUME AZUL FRANCE,623.20,50,14,18,18
472,LAMPARA INCANDECENTE TRANSP. FRANCE,593.35,100,14,18,18
473,LAMPARA INCANDECENTE OPACA FRANCE,640.00,100,14,18,18
474,LAMPARA INCANDESCENTE TRANSP. SOL DE NOCHE,377.67,100,14,145,31
475,LAMPARA INCANDESCENTE OPACA SOL DE NOCHE,413.09,100,14,145,31
476,LAMPARA PERFUME 15W SOL DE NOCHE,414.00,50,14,145,31
477,REFLECTOR 10W BORUS,2844.00,0,22,17,17
478,REFLECTOR 20W BORUS,4574.70,0,22,17,17
479,REFLECTOR 30W BORUS,663.20,0,22,17,17
480,REFLECTOR 50W BORUS,8851.05,0,22,17,17
481,REFLECTOR 100W BORUS,17801.50,0,22,17,17
482,REFLECTOR 10W SICA,2528.40,20,22,8,8
483,REFLECTOR 20W SICA,3956.40,20,22,8,8
484,REFLECTOR 30W SICA,5275.20,16,22,8,8
485,REFLECTOR 50W SICA,6493.20,12,22,8,8
486,REFLECTOR 10W CANDELA,2126.80,20,22,13,13
487,REFLECTOR 20W CANDELA,2949.52,20,22,13,13
488,REFLECTOR 30W CANDELA,3289.23,20,22,13,13
489,REFLECTOR 50W CANDELA,6461.00,10,22,13,13
490,REFLECTOR 100W CANDELA,9064.30,10,22,13,13
491,REFLECTOR 150W CANDELA,14691.25,10,22,13,13
492,REFLECTOR 200W CANDELA,20318.20,10,22,13,13
493,REFLECTOR 10W KING,0.00,0,22,140,19
494,REFLECTOR 20W KING,0.00,0,22,140,19
495,LISTON LED 5W SICA,3738.00,25,21,8,8
496,LISTON LED 8W SICA,4536.00,25,21,8,8
497,LISTON LED 11W SICA,5308.80,25,21,8,8
498,LISTON LED 16W SICA,5745.60,25,21,8,8
499,LISTON SLIM 36W SICA,16077.60,25,21,8,8
500,LISTON LED 5W C/TECLA BORUS,3789.00,25,21,17,17
501,LISTON LED 8W C/TECLA BORUS,4357.40,25,21,17,17
502,LISTON LED 12W C/TECLA BORUS,5588.80,25,21,17,17
503,LISTON LED 16W C/TECLA BORUS,6157.12,25,21,17,17
504,LISTON ARMADO 9W CANDELA,3555.00,50,21,13,13
505,LISTON ARMADO 12W CANDELA,3864.00,50,21,13,13
506,LISTON ARMADO 18W CANDELA,4249.60,50,21,13,13
507,LISTON LED 22W DOBLE PHELIX,0.00,40,21,19,19
508,LISTON 12W AKAI,0.00,0,21,19,19
509,LISTON 9W LIGHTRONIC,1843.47,30,21,27,16
510,LISTON 18W LIGHTRONIC,2435.95,30,21,27,16
511,LISTON 9W BLANCO TREFI,1608.30,20,21,21,21
512,LISTON 9W NEGRO TREFI,1608.30,20,21,21,21
513,LISTON 18WBLANCO TREFI,2516.00,20,21,21,21
514,LISTON 18W NEGRO TREFI,2516.00,20,21,21,21
515,LISTON DOBLE 9W BLANCO TREFI,3039.60,20,21,21,21
516,LISTON DOBLE 18W BLANCO TREFI,4252.50,20,21,21,21
517,PANEL DE EMBUTIR 6W REDONDO CANDELA,1729.14,20,7,13,13
518,PANEL DE EMBUTIR 6W CUADRADO CANDELA,1830.57,20,7,13,13
519,PANEL DE EMBUTIR 12W REDONDO CANDELA,2440.76,20,7,13,13
520,PANEL DE EMBUTIR 12W CUADRADO CANDELA,2666.16,20,7,13,13
521,PANEL DE EMBUTIR 18w REDONDO CANDELA,3038.07,20,7,13,13
522,PANEL DE EMBUTIR 18W CUADRADO CANDELA,3525.90,20,7,13,13
523,PANEL DE EMBUTIR 24W REDONDO CANDELA,5742.87,20,7,13,13
524,PANEL DE EMBUTIR 24W CUADRADO CANDELA,6380.43,20,7,13,13
525,PANEL DE EMBUTIR 6W REDONDO SICA,2158.80,20,7,8,8
526,PANEL DE EMBUTIR 6W CUADRADO SICA,2158.80,20,7,8,8
527,PANEL DE EMBUTR 12W REDONDO SICA,3158.40,20,7,8,8
528,PANEL DE EMBUTIR 12W CUADRADO SICA,3158.40,20,7,8,8
529,PANEL DE EMBUTIR 18W REDONDO SICA,4401.60,20,7,8,8
530,PANEL DE EMBUTIR 18W CUADRADO SICA,4401.60,20,7,8,8
531,PANEL DE EMBUTIR 24W CUADRADO SICA,8290.80,20,7,8,8
532,PLAFON EXT 6W REDONDO CANDELA,2244.92,20,7,13,13
533,PLAFON EXT 6W CUADRADO CANDELA,2353.59,20,7,13,13
534,PLAFON EXT 12W REDONDO CANDELA,3028.93,20,7,13,13
535,PLAFON EXT 12W CUADRADO CANDELA,3224.54,20,7,13,13
536,PLAFON EXT 18W REDONDO CANDELA,3640.21,20,7,13,13
537,PLAFON EXT 18W CUADRADO CANDELA,4081.35,20,7,13,13
538,PLAFON EXT 24W REDONDO CANDELA,6152.56,20,7,13,13
539,PLAFON EXT 24W CUADRADO CANDELA,7074.74,20,7,13,13
540,PLAFON EXT 6W REDONDO SICA,2704.80,20,7,8,8
541,PLAFON EXT 6W CUADRADO SICA,2704.80,20,7,8,8
542,PLAFON EXT 12W REDONDO SICA,3696.00,10,7,8,8
543,PLAFON EXT 12W CUADRADO SICA,3696.00,10,7,8,8
544,PLAFON EXT 18W REDONDO SICA,5006.40,10,7,8,8
545,PLAFON EXT 18W CUADRADO SICA,5006.40,10,7,8,8
546,PLAFON EXT 24W CUADRADO SICA,8248.80,10,7,8,8
547,PLAFON EXT 18W REDONDO COLORES PASTEL STARBOX,8165.60,20,7,2,2
548,PLAFON EXT 18W REDONDO BLANCO TREFI,8165.60,0,7,21,21
549,TERMICA UNIPOLAR 10A SICA,1805.00,12,16,8,8
550,TERMICA UNIPOLAR 15A SICA,1805.00,12,16,8,8
551,TERMICA UNIPOLAR 20A SICA,1805.00,12,16,8,8
552,TERMICA UNIPOLAR 25A SICA,1805.00,12,16,8,8
553,TERMICA UNIPOLAR 32A SICA,1805.00,12,16,8,8
554,TERMICA UNIPOLAR 40A SICA,2598.30,12,16,8,8
555,TERMICA UNIPOLAR 50A SICA,2598.30,12,16,8,8
556,TERMICA UNIPOLAR 63A SICA,2598.30,12,16,8,8
557,TERMICA BIPOLAR 10A SICA,3632.25,6,16,8,8
558,TERMICA BIPOLAR 15A SICA,3632.25,6,16,8,8
559,TERMICA BIPOLAR 20A SICA,3632.25,6,16,8,8
560,TERMICA BIPOLAR 25A SICA,3632.25,6,16,8,8
561,TERMICA BIPOLAR 32A SICA,3632.00,6,16,8,8
562,TERMICA BIPOLAR 40A SICA,4843.00,6,16,8,8
563,TERMICA BIPOLAR 63A SICA,7186.50,6,16,8,8
564,DISYUNTOR 2X25 SICA,14479.00,100,16,8,8
565,DISYUNTOR 2X40 SICA,15706.35,100,16,8,8
566,DISYUNTOR 2X63 SICA,16733.40,0,16,8,8
567,TERMICA UNIPOLAR 10A JELUZ,1993.60,12,16,23,23
568,TERMICA UNIPOLAR 15A JELUZ,1993.60,12,16,23,23
569,TERMICA UNIPOLAR 20A JELUZ,1993.60,12,16,23,23
570,TERMICA UNIPOLAR 25A JELUZ,1993.60,12,16,23,23
571,TERMICA UNIPOLAR 32A JELUZ,1993.60,12,16,23,23
572,TERMICA UNIPOLAR 40A JELUZ,2197.60,12,16,23,23
573,TERMICA UNIPOLAR 63A JELUZ,2197.60,12,16,23,23
574,TERMICA BIPOLAR 10A JELUZ,3985.20,6,16,23,23
575,TERMICA BIPOLAR 15A JELUZ,3985.20,6,16,23,23
576,TERMICA BIPOLAR 20A JELUZ,3985.20,6,16,23,23
577,TERMICA BIPOLAR 25A JELUZ,3985.20,6,16,23,23
578,TERMICA BIPOLAR 32A JELUZ,3985.20,6,16,23,23
579,TERMICA BIPOLAR 40A JELUZ,4395.20,6,16,23,23
580,TERMICA BIPOLAR 63A JELUZ,4395.20,6,16,23,23
581,TERMICA TRIPOLAR 10A JELUZ,5986.00,4,16,23,23
582,TERMICA TRIPOLAR 15A JELUZ,5986.00,4,16,23,23
583,TERMICA TRIPOLAR 20A JELUZ,5986.00,4,16,23,23
584,TERMICA TRIPOLAR 25A JELUZ,5986.00,4,16,23,23
585,TERMICA TRIPOLAR 32A JELUZ,5986.00,4,16,23,23
586,TERMICA TRIPOLAR 50A JELUZ,6593.00,4,16,23,23
587,TERMICA TRIPOLAR 63A JELUZ,6593.00,4,16,23,23
588,TERMICA TETRAPOLAR 10A JELUZ,7962.20,3,16,23,23
589,TERMICA TETRAPOLAR 15A JELUZ,7962.20,3,16,23,23
590,TERMICA TETRAPOLAR 20A JELUZ,7962.20,3,16,23,23
591,TERMICA TETRAPOLAR 25A JELUZ,7962.20,3,16,23,23
592,TERMICA TETRAPOLAR 32A JELUZ,7962.20,3,16,23,23
593,TERMICA TETRAPOLAR 40A JELUZ,8782.20,3,16,23,23
594,TERMICA TETRAPOLAR 50A JELUZ,8782.20,3,16,23,23
595,TERMICA TETRAPOLAR 63A JELUZ,8782.20,3,16,23,23
596,DISYUNTOR 2X25 JELUZ,16346.00,100,16,23,23
597,DISYUNTOR 2X40 JELUZ,16342.60,100,16,23,23
598,DISYUNTOR 2X63 JELUZ,16342.60,0,16,23,23
599,DISYUNTOR 4X25 JELUZ,17914.40,0,16,23,23
600,DISYUNTOR 4X40 JELUZ,17914.40,0,16,23,23
601,CAJA DIN 8B EMB0EXT SICA,2226.06,2,8,8,8
602,CAJA DIN 12B EMB0EXT SICA,2952.45,2,8,8,8
603,CAJA DIN 24B EMB0EXT SICA,6866.79,1,8,8,8
604,CAJA DIN 36B EMB0EXT SICA,11616.00,1,8,8,8
605,CAJA DIN 1A2B STARBOX,553.31,34,8,2,2
606,CAJA DIN 2A4B STARBOX,804.00,15,8,2,2
607,CAJA DIN 4A8B STARBOX,1587.00,8,8,2,2
608,CAJA DIN 8A12B STARBOX,2900.50,6,8,2,2
609,CAJA DIM 1A2B TAAD,565.30,144,8,126,126
610,CAJA DIM 2A4B TAAD,831.40,72,8,126,126
611,CAJA DIM 4A8B TAAD,1660.40,36,8,126,126
612,CAJA DIM 8A12B TAAD,3465.70,18,8,126,126
613,CAJA DIM 2B CIOCCA PLAST,1237.30,80,8,6,6
614,CAJA DIM 4B CIOCCA PLAST,2474.60,42,8,6,6
615,CAJA DIM 8B CIOCCA PLAST,3850.00,28,8,6,6
616,CAJA DIM 16B CIOCCA PLAST,7700.00,14,8,6,6
617,CAJA DIM 2B EXT CIOCCA PLAST,1237.30,80,8,6,6
618,ADAPTADOR RIEL DIN MODULO SIMPLE CIOCCA PLAST,163.00,40,8,6,6
619,ADAPTADOR RIEL DIN MODULO DOBLE CIOCCA PLAST,208.00,20,8,6,6
620,CANILLA 1/2 TG,1552.54,120,20,16,16
621,CANILLA 3/4 TG,1940.56,120,20,16,16
622,CANILLA 1/2 C/ROSCA GYNIPLAS,823.14,50,20,16,16
623,CANILLA 3/4 C/ROSCA GYNIPLAS,1007.32,50,20,16,16
624,CANILLA 1/2 NEXO PLAST,425.00,50,20,19,19
625,CANILLA 3/4 NEXO PLAST,445.00,50,20,19,19
626,CANILLA 1/2 MANGO AZUL GYNIPLAS,823.14,50,20,16,16
627,CANILLA 1/2 LAVAROPAS DOBLE CARGA NEXO PLAST,795.00,150,20,19,19
628,CANILLA 1/2 MANGO ROJO GYNIPLAS,891.73,50,20,16,16
629,ACOPLE 1/2 TG,642.47,200,20,16,16
630,ACOPLE 3/4 TG,692.95,200,20,16,16
631,ACOPLE 1 GYNIPLAS,1295.57,100,20,16,16
632,LLAVE 1/2 TG,1552.54,40,20,16,16
633,LLAVE 3/4 TG,2005.25,35,20,16,16
634,FAROL 6 CARAS PARA PILAR ZULUZ,6706.50,6,9,24,25
635,FAROL 4 CARAS PARA POSTE ZULUZ,6706.50,0,9,24,25
636,FAROL 4 CARAS SOPORTE ZULUZ,6706.50,6,9,24,25
637,FAROL 6 CARAS SOPORTE ZULUZ,6706.50,6,9,24,25
638,TULIPA C/SOPORTE ZULUZ,2482.00,30,9,24,25
639,TULIPA COLGANTE ZULUZ,2133.50,0,9,24,25
640,CAPELINA AMARILLA ZULUZ,2380.00,18,9,24,25
641,CAPELINA BLANCA ZULUZ,2380.00,18,9,24,25
642,CAPELINA NEGRA ZULUZ,2380.00,18,9,24,25
643,CAPELINA VERDE ZULUZ,2380.00,18,9,24,25
644,CAPELINA ROJA ZULUZ,2380.00,18,9,24,25
645,CAPELINA AZUL ZULUZ,2380.00,18,9,24,25
646,CAPELINA VIOLETA ZULUZ,2380.00,18,9,24,25
647,CAPELINA NARANJA ZULUZ,2380.00,18,9,24,25
648,TORTUGA REDONDA BLANCA ZULUZ,2006.00,30,9,24,25
649,TORTUGA REDONDA NEGRA ZULUZ,2006.00,30,9,24,25
650,TUBO CAMINERO,2482.00,0,9,24,25
651,TUBO CAMNERO C/ESTACA,2482.00,0,9,24,25
652,COLGANTE CHINO BLANCO STARBOX,4322.80,5,9,2,2
653,COLGANTE CHINO NEGRO STARBOX,4322.80,5,9,2,2
654,COLGANTE CHINO AZUL STARBOX,4562.50,5,9,2,2
655,COLGANTE CHINO ROJO STARBOX,4562.50,5,9,2,2
656,COLGANTE CHINO AMBAR STARBOX,4562.50,5,9,2,2
657,COLGANTE CHINO FLUO VERDE STARBOX,4562.50,5,9,2,2
658,COLGANTE CHINO FLUO NARANJA STARBOX,4562.50,5,9,2,2
659,COLGANTE CHINO FLUO AMARILLO STARBOX,4562.50,5,9,2,2
660,COLGANTE CAMPANA BLANCO STARBOX,4018.00,5,9,2,2
661,COLGANTE CAMPANA NEGRO STARBOX,4018.00,5,9,2,2
662,COLGANTE CAMPANA AZUL STARBOX,4215.06,5,9,2,2
663,COLGANTE CAMPANA ROJO STARBOX,4215.06,5,9,2,2
664,COLGANTE CAMPANA AMBAR STARBOX,4215.06,5,9,2,2
665,COLGANTE CAMPANA FLUO VERDE STARBOX,4215.06,5,9,2,2
666,COLGANTE CAMPANA FLUO NARANJA STARBOX,4215.06,5,9,2,2
667,COLGANTE CAMPANA FLUO AMARILLO STARBOX,4215.06,5,9,2,2
668,COLGANTE TULIPAN BLANCO STARBOX,2194.00,20,9,2,2
669,COLGANTE TULIPAN NEGRO STARBOX,2194.00,20,9,2,2
670,CAJA DE CHAPA OCTOGONAL,185.00,120,10,5,5
671,CAJA DE CHAPA RECTANGULAR,185.00,120,10,5,5
672,CAJA DE CHAPA MIGNON,185.00,200,10,5,5
673,CAJA PLASTICA OCTOGONAL GRIS STARBOX,233.00,50,10,2,2
674,CAJA PLASTICA RECTANGULAR GRIS STARBOX,233.00,60,10,2,2
675,TAPA CIEGA OCTOGONAL,64.60,100,10,5,5
676,TAPA CIEGA RECTANGULAR,87.00,100,10,5,5
677,PROTECTOR PONCHITO MIG,55.20,100,10,4,5
678,RODILLO CHICO,264.42,100,24,10,10
679,RODILLO MEDIANO,280.80,100,24,10,10
680,RODILLO GRANDE,305.50,100,24,10,10
681,RODILLO FORRADO CHICO,279.50,100,24,10,10
682,RODILLO FORRADO MEDIANO,312.00,100,24,10,10
683,RODILLO FORRADO GRANDE,348.40,100,24,10,10
684,RODILLO EPOXI 22/40,1094.70,40,24,10,10
685,RODILLO EPOXI BLACK 17/40,1147.00,50,24,10,10
686,RODILLO ANTIGOTA 22/40,1224.41,40,24,10,10
687,RODILLO ANTIGOTA 10/40,941.16,60,24,10,10
688,RODILLO SIMILLANA 22/40,1207.49,40,24,10,10
689,RODILLO SIMILLANA 10/40,943.20,60,24,10,10
690,RODILLO CUERO SILVER 22/40,2357.80,40,24,10,10
691,RODILLO CUERO GOLD 22/40,2608.20,40,24,10,10
692,RODILLO PREMIUM ANTIGOTA 17/40,1147.00,50,24,10,10
693,RODILLO EPOXI N°5,212.25,100,24,10,10
694,RODILLO EPOXI N°8,229.34,100,24,10,10
695,RODILLO EPOXI N°11,238.21,100,24,10,10
696,RODILLO EPOXI BLACK N°11,337.46,100,24,10,10
697,RODILLO ANTIGOTA N°5,282.61,100,24,10,10
698,RODILLO ANTIGOTA N°8,335.47,100,24,10,10
699,RODILLO ANTIGOTA N°11,337.46,100,24,10,10
700,CAJA ESTANCA 75X75X35 TAAD,727.02,36,10,126,5
701,CAJA ESTANCA 75X75X55 TAAD,824.00,24,10,126,5
702,CAJA ESTANCA 90X90X55 TAAD,969.25,36,10,126,5
703,CAJA ESTANCA 90X90X75 TAAD,1114.84,24,10,126,5
704,CAJA ESTANCA 115X115X50 TAAD,1163.20,36,10,126,5
705,CAJA ESTANCA 115X115X80 TAAD,1357.07,24,10,126,5
706,CAJA ESTANCA 115X115X110 TAAD,1551.00,18,10,126,5
707,CAJA ESTANCA 165X125X80 TAAD,3434.70,12,10,126,5
708,CAJA ESTANCA 110X110X50 STARBOX,971.00,24,10,126,5
709,CAJA ESTANCA 90X90X55 STARBOX,943.30,32,10,126,5
710,CAJA ESTANCA 90X90X75 STARBOX,996.23,18,10,126,5
711,CORRUGADO ECO BLANCO 3/4 OVRA,2254.10,10,10,11,11
712,CORRUGADO ECO BLANCO 7/8 OVRA,3131.50,5,10,11,11
713,CORRUGADO ECO BLANCO 1 OVRA,4196.20,5,10,11,11
714,CORRUGADO NORMA BLANCO 101/4 OVRA,14755.04,0,10,11,11
715,CORRUGADO NORMA BLANCO 101/2 OVRA,17706.05,0,10,11,11
716,CORRUGADO NORMA BLANCO 3/4 OVRA,5404.07,0,10,11,11
717,CORRUGADO NORMA BLANCO 7/8 OVRA,7008.60,0,10,11,11
718,CORRUGADO NORMA BLANCO 1 OVRA,8484.10,0,10,11,11
719,CORRUGADO NARANJA 3/4 OVRA,3154.80,0,10,11,11
720,CORRUGADO NARANJA 7/8 OVRA,4593.63,0,10,11,11
721,CORRUGADO NARANJA 1 OVRA,5828.50,0,10,11,11
722,CORRUGADO GRIS 3/4 OVRA,3882.30,5,10,11,11
723,CORRUGADO GRIS 7/8 OVRA,5175.40,5,10,11,11
724,CORRUGADO GRIS 1 OVRA,6469.50,5,10,11,11
725,UNION 3/4 OVRA,54.00,100,10,11,11
726,UNION 7/8 OVRA,68.00,100,10,11,11
727,UNION 1 OVRA,81.16,100,10,11,11
728,UNION 1 1/4 OVRA,487.00,0,10,11,11
729,UNION 1 1/2 OVRA,538.60,0,10,11,11
730,CONECTOR 3/4 OVRA,41.30,100,10,11,11
731,CONECTOR 7/8 OVRA,47.21,100,10,11,11
732,CONECTOR 1 OVRA,50.17,100,10,11,11
733,CONECTOR 1 1/4 OVRA,259.70,0,10,11,11
734,CONECTOR 1 1/2 OVRA,413.14,0,10,11,11
735,CURVA 3/4 OVRA,211.00,100,10,11,11
736,CURVA 7/8 OVRA,236.08,100,10,11,11
737,CURVA 1 OVRA,278.90,100,10,11,11
738,CAÑO 3/4 X METRO SICA,309.90,51,10,8,8
739,CAÑO 7/8 X METRO SICA,403.03,51,10,8,8
740,CAÑO 1 X METRO SICA,438.18,51,10,8,8
741,UNION 3/4 SICA,102.52,100,10,8,8
742,UNION 7/8 SICA,120.09,100,10,8,8
743,UNION 1 SICA,134.15,100,10,8,8
744,CONECTOR 3/4 SICA,103.10,100,10,8,8
745,CONECTOR 7/8 SICA,113.65,100,10,8,8
746,CONECTOR 1 SICA,156.41,80,10,8,8
747,CURVA 3/4 SICA,183.94,50,10,8,8
748,CURVA 7/8 SICA,207.96,50,10,8,8
749,CURVA 1 SICA,260.10,50,10,8,8
750,GRAMPA 3/4 0 7/8 SICA,123.02,200,10,8,8
751,GRAMPA 1 SICA,158.17,150,10,8,8
752,GRAMPA 1 1/4 SICA,358.51,100,10,8,8
753,CABLE CANAL 14X7 X METRO TAAD,215.50,100,10,126,5
754,CABLE CANAL 18X21 X METRO TAAD,505.02,50,10,126,5
755,CABLE CANAL 20X10 X METRO TAAD,275.12,100,10,126,5
756,CABLE CANAL 27X30 X METRO TAAD,908.15,32,10,126,5
757,CABLE CANAL 14X7 X METRO KALOP,318.40,100,10,134,5
758,CABLE CANAL 20X10 X METRO KALOP,420.61,100,10,134,5
759,CABLE CANAL 18X21 X METRO KALOP,717.33,50,10,134,5
760,CABLE CANAL 27X30 X METRO KALOP,1181.80,32,10,134,5
761,CAJA CABLE CANAL ZULUZ,331.50,250,10,24,5
762,CAJA CABLE CANAL ALTA ZULUZ,433.50,200,10,24,5
763,BUSCAPOLO SANTORO CHICO,583.00,12,20,5,5
764,BUSCAPOLO SANTORO MEDIANO,653.30,12,20,5,5
765,BUSCAPOLO SANTORO GRANDE,838.50,12,20,5,5
766,BUSCAPOLO 19CM SICA,1278.80,20,20,8,8
767,BUSCAPOLO 14CM SICA,1151.38,20,20,8,8
768,CINTA METRICA 3MTS,1190.00,12,20,19,19
769,CINTA METRICA 5MTS,1540.00,12,20,19,19
770,"CINTA METRICA 7,5MTS",2800.00,10,20,19,19
771,CINTA METRICA 10MTS,3570.00,10,20,19,19
772,CINTA PASACABLE 7MTS ECO,1140.90,50,20,5,5
773,CINTA PASACABLE 10MTS ECO,1258.77,25,20,5,5
774,CINTA PASACABLE 15MTS ECO,1479.90,25,20,5,5
775,CINTA PASACABLE 20MTS ECO,1731.40,0,20,5,5
776,CINTA PASACABLE ACERO 7M ALUMINE,3166.56,0,20,26,26
777,CINTA PASACABLE ACERO 10M ALUMINE,4062.60,0,20,26,26
778,CINTA PASACABLE ACERO 15M ALUMINE,5588.64,0,20,26,26
779,CINTA PASACABLE NYLON 10M ALUMINE,5458.00,0,20,26,26
780,CINTA PASACABLE NYLON 15M ALUMINE,7254.36,0,20,26,26
781,CINTA PASACABLE NYLON 20M ALUMINE,9155.52,0,20,26,26
782,SPOT DE METAL DIRECCIONABLE GIRASOLES,805.00,40,14,19,14
783,SPOT DE METAL DIRECCIONABLE TREFILIGHT,1500.00,40,14,17,17
784,CUERPO SPOT DE PLASTICO TREFILIGHT,1166.00,40,14,17,17
785,REP ARO CELESTE TREFILIGHT,291.50,80,14,17,17
786,REP ARO NEGRO TREFILIGHT,291.50,80,14,17,17
787,REP ARO ROSA TREFILIGHT,291.50,80,14,17,17
788,REP ARO BLANCO TREFILIGHT,291.50,80,14,17,17
789,PORTATIL 3MTS GENESIS,2500.00,0,20,14,14
790,PORTATIL 5MTS GENESIS,3200.00,0,20,14,14
791,TIMBRE CAMPANILLA,9981.50,20,20,5,5
792,TIMBRE REDONDO CANDELA,2185.00,60,20,13,13
793,TIMBRE CUADRADO CANDELA,2185.00,60,20,13,13
794,TIMBRE INALAMBRICO SICA,15473.00,10,20,8,8
795,PORTERO SICA,26140.80,10,20,8,8
796,TIMER SICA,4960.00,10,20,8,8
797,TIMER LIGHTRONIC,5082.62,50,20,27,16
798,PROTECTOR INDIVIDUAL 1600W ALUMINE,9696.60,14,20,26,26
799,PROTECTOR DIGITAL SICA,0.00,10,20,8,8
800,PROTECTOR BASTIDOR ARMADO 20A ALUMINE,14562.72,12,20,26,26
801,CAMARA MOVIL WIFI SICA,27455.00,50,20,8,8
802,DETECTOR DE HUMO SICA,23671.20,10,20,8,8
803,FOTOCELULA SICA,3334.80,100,20,8,8
804,FOTOCELULA 3 CABLES ALUMINE,4330.80,100,20,26,26
805,FOTOCELULA 4 CABLES ALUMINE,4429.00,100,20,26,26
806,FOTOCELULA 3 CABLES ADATO,3019.70,50,20,147,19
807,FOTOCELULA 4 CABLES ADATO,3103.00,50,20,147,19
808,CALORITO HELIOS,750.00,50,20,5,5
809,LLAVE CORTA CESPED TAAD,868.08,20,20,126,5
810,ENCENDEDOR CLASICO TRANSP. X25 CANDELA,4475.40,500,20,13,13
811,ENCENDEDOR GLOW X20 CANDELA,4712.30,400,20,13,13
812,ENCENDEDOR FLEXIBLE CANDELA,1309.20,120,20,13,13
813,ENCENDEDOR EXTENSIBLE CANDELA,0.00,120,20,13,13
814,FILTRO N°20,280.00,20,20,19,19
815,FILTRO N°25,295.00,20,20,19,19
816,PISTOLA SILICONA ECO,1230.50,120,17,19,19
817,"BARRAS SILICONA 7,5 X 1K ECO",8500.00,0,17,19,19
818,RASPA VIDRIO ZELTA,1386.10,30,20,5,5
819,CUTTER ZELTA,1488.50,240,20,5,5
820,HOJAS CUTTER X10 ZELTA,1165.80,20,20,5,5
821,VELAS PARA ESTUFA 200MM,0.00,10,20,5,5
822,VELAS PARA ESTUFA 220MM,0.00,10,20,5,5
823,VELAS PARA ESTUFA 240MM,0.00,10,20,5,5
824,VARILLA DE CUARZO,0.00,1,20,5,5
825,PARCHES PARA BICI,345.00,120,20,19,19
826,GUANTES DE TRABAJO X PAR,575.00,240,20,19,19
827,GUANTES MOTEADOS X PAR,525.00,240,20,19,19
828,"AUTOMATICO DE TANQUE 1,5M ALUMINE",4086.36,12,20,26,26
829,FRAGANCIAS AROMAX,1200.00,12,20,148,28
830,DIFUSOR,5400.00,0,20,148,28
831,LINTERNA RECARGABLE 11LEDS RAYOVAC,10559.00,0,20,19,19
832,"CABLE UNIPOLAR 1,5MM VERDE TREFILCON",26119.00,0,18,131,34
833,"CABLE UNIPOLAR 1,5MM CELESTE TREFILCON",26119.00,0,18,131,34
834,"CABLE UNIPOLAR 1,5MM ROJO TREFILCON",26119.00,0,18,131,34
835,"CABLE UNIPOLAR 1,5MM MARRON TREFILCON",26119.00,0,18,131,34
836,"CABLE UNIPOLAR 1,5MM NEGRO TREFILCON",26119.00,0,18,131,34
837,"CABLE UNIPOLAR 1,5MM BLANCO TREFILCON",26119.00,0,18,131,34
838,"CABLE UNIPOLAR 2,5MM VERDE TREFILCON",41664.00,0,18,131,34
839,"CABLE UNIPOLAR 2,5MM CELESTE TREFILCON",41664.00,0,18,131,34
840,"CABLE UNIPOLAR 2,5MM ROJO TREFILCON",41664.00,0,18,131,34
841,"CABLE UNIPOLAR 2,5MM MARRON TREFILCON",41664.00,0,18,131,34
842,"CABLE UNIPOLAR 2,5MM NEGRO TREFILCON",41664.00,0,18,131,34
843,"CABLE UNIPOLAR 2,5MM BLANCO TREFILCON",41664.00,0,18,131,34
844,CABLE UNIPOLAR 4MM VERDE TREFILCON,65868.00,0,18,131,34
845,CABLE UNIPOLAR 4MM CELESTE TREFILCON,65868.00,0,18,131,34
846,CABLE UNIPOLAR 4MM ROJO TREFILCON,65868.00,0,18,131,34
847,CABLE UNIPOLAR 4MM MARRON TREFILCON,65868.00,0,18,131,34
848,CABLE UNIPOLAR 4MM NEGRO TREFILCON,65868.00,0,18,131,34
849,CABLE UNIPOLAR 4MM BLANCO TREFILCON,65868.00,0,18,131,34
850,CABLE UNIPOLAR 6MM VERDE TREFILCON,97426.40,0,18,131,34
851,CABLE UNIPOLAR 6MM CELESTE TREFILCON,97426.40,0,18,131,34
852,CABLE UNIPOLAR 6MM ROJO TREFILCON,97426.40,0,18,131,34
853,CABLE UNIPOLAR 6MM MARRON TREFILCON,97426.40,0,18,131,34
854,CABLE UNIPOLAR 6MM NEGRO TREFILCON,97426.40,0,18,131,34
855,CABLE UNIPOLAR 6MM BLANCO TREFILCON,97426.40,0,18,131,34
856,"CABLE TIPO TALLER 2X1,5 FLEXIVOL",59860.00,0,18,149,34
857,"CABLE TIPO TALLER 2X2,5 FLEXIVOLT",98454.00,0,18,149,34
858,CABLE TIPO TALLER 2X4 FLEXIVOLT,130080.00,0,18,149,34
859,CABLE TIPO TALLER 2X6 FLEXIVOLT,189545.80,0,18,149,34
860,"CABLE CRISTAL 2X0,75 TREFILCON",25527.50,0,18,149,34
861,"CABLE BAFLE 2X0,5 TREFILCON",17490.70,0,18,149,34
862,BATERIA A23 X5 ENERGIZER,3118.00,0,5,128,32
863,BATERIA A27 ENERGIZER,1068.00,0,5,128,32
864,BATERIA 9V ENERGIZER,2263.60,0,5,128,32
865,PILA AA X4 ENERGIZER,2178.20,0,5,128,32
866,PILA AAA X4 ENERGIZER,2178.20,0,5,128,32
867,PILA AA X10 ENERGIZER,5445.50,0,5,128,32
868,PILA AAA X10 ENERGIZER,5445.50,0,5,128,32
869,"PILA BOTON 1,6MM X5 ENERGIZER",2466.15,0,5,128,32
870,PILA BOTON 2.5MM X5 ENERGIZER,2466.15,0,5,128,32
871,"PILA BOTON 3,2MM X5 ENERGIZER",0.00,0,5,128,32
872,PILA D2 X2 ENERGIZER,4103.00,0,5,128,32
873,PILA C2 X2 ENERGIZER,3100.00,0,5,128,32
874,PILA C2 X2 EVEREADY,1313.60,0,5,135,32
875,PILA AA X10 EVEREADY,3020.70,0,5,135,32
876,PILA AA X4 EVEREADY,1208.30,0,5,135,32
877,PILA AAA X2 EVEREADY,786.60,0,5,135,32
878,PILA AA X10 RAYOVAC,4571.10,0,5,127,32
879,PILA AAA X10 RAYOVAC,4571.10,0,5,127,32
880,PILA AA X4 RAYOVAC,1828.40,0,5,127,32
881,PILA AAA X4 RAYOVAC,1828.40,0,5,127,32
882,BATERIA 9V RAYOVAC,1694.58,0,5,127,32
883,PILA C2 X2 RAYOVAC,2327.00,0,5,127,32
884,PILA D2 X2 RAYOVAC,3328.20,0,5,127,32
885,PILA BOTON 2032 X5 MAXELL,0.00,0,5,19,32
886,CAÑO PILAR 101/2 3M (400015),25392.00,0,19,19,19
887,CAÑO PILAR 101/2 3M NORMALIZADO (400027),48941.00,0,19,19,19
888,CAJA DIN 4B EMB0EXT PVC,2660.00,0,19,19,19
889,CAJA DIN 6B EMB0EXT PVC,2822.00,0,19,19,19
890,CAJA DIN 9B EMB0EXT PVC,3936.80,0,19,19,19
891,CAJA MEDIDOR MONOFASICA,5605.80,0,19,19,19
892,CAJA MEDIDOR TRIFASICA,11814.21,0,19,19,19
893,ABRAZADERA,930.01,0,19,19,19
894,CAMARA INSPECCION JABALINA ZULUZ,365.50,0,19,24,24
895,PIPETA CODO DESMONTABLE P/ CAÑO 101/2,327.52,0,19,19,19
896,"JABALINA 1/2 X 1,5MTS",15714.00,0,19,150,33
897,"JABALINA 3/8 X 1,5MTS",8451.50,0,19,150,33
898,JABALINA 3/8 X 1MTS,6311.04,0,19,150,33
